{
    "r2": 0.9969960012214224,
    "mae": 0.006161066053244627,
    "rmse": 0.014377908614674645
}