{
    "r2": 0.9983784361270605,
    "mae": 0.006194177983839089,
    "rmse": 0.012849880470607113
}